{"slim_data_size_chess": 327308.35151433945, "slim_model_size_chess": 4009.3812551498413, "slim_data_size_mushroom": 638755.1899323463, "slim_model_size_mushroom": 4766.247570037842, "slim_data_size_connect": 8165388.642624855, "slim_model_size_connect": 6734.895837306976}
